<?xml version ="1.0" encoding="ISO-8859-1" standalone="no"?>
 <NAXML-POSJournal version="3.4" release="3.4.0">
  <TransmissionHeader>
   <StoreLocationID>59517</StoreLocationID>
   <VendorName>Gilbarco-VeederRoot</VendorName>
   <VendorModelVersion>11.01.23.01F</VendorModelVersion>
  </TransmissionHeader>
  <JournalReport>
   <JournalHeader>
    <ReportSequenceNumber>3520</ReportSequenceNumber>
    <PrimaryReportPeriod>2</PrimaryReportPeriod>
    <SecondaryReportPeriod>1</SecondaryReportPeriod>
    <BeginDate>2019-05-08</BeginDate>
    <BeginTime>00:31:21</BeginTime>
    <EndDate>2100-01-01</EndDate>
    <EndTime>00:00:00</EndTime>
   </JournalHeader>
   <SaleEvent>
    <EventSequenceID>1</EventSequenceID>
    <TrainingModeFlag value="no"/>
    <CashierID>20000</CashierID>
    <RegisterID>10001</RegisterID>
    <TillID>0002</TillID>
    <OutsideSalesFlag value="yes"/>
    <TransactionID>8320</TransactionID>
    <EventStartDate>2019-05-08</EventStartDate>
    <EventStartTime>21:35:36</EventStartTime>
    <EventEndDate>2019-05-08</EventEndDate>
    <EventEndTime>21:35:36</EventEndTime>
    <BusinessDate>2019-05-08</BusinessDate>
    <ReceiptDate>2019-05-08</ReceiptDate>
    <ReceiptTime>21:35:36</ReceiptTime>
    <OfflineFlag value="no"/>
    <SuspendFlag value="no"/>
    <TransactionDetailGroup>
     <TransactionLine status="normal">
     <FuelLine>
      <FuelGradeID>001</FuelGradeID>
      <FuelPositionID>1</FuelPositionID>
      <PriceTierCode>0001</PriceTierCode>
      <TimeTierCode>0</TimeTierCode>
      <ServiceLevelCode>self</ServiceLevelCode>
      <Description>Regular</Description>
      <EntryMethod method="manual"></EntryMethod>
      <ActualSalesPrice>2.599</ActualSalesPrice>
      <MerchandiseCode>1024</MerchandiseCode>
      <RegularSellPrice>2.599</RegularSellPrice>
      <SalesQuantity>7.804</SalesQuantity>
      <SalesAmount>20.28</SalesAmount>
      <ItemTax>
       <TaxLevelID>99</TaxLevelID>
      </ItemTax>
     </FuelLine>
    </TransactionLine>
    <TransactionLine status="normal">
    <TransactionTax>
     <TaxLevelID>99</TaxLevelID>
     <TaxableSalesAmount>20.28</TaxableSalesAmount>
     <TaxCollectedAmount>0</TaxCollectedAmount>
     <TaxableSalesRefundedAmount>0</TaxableSalesRefundedAmount>
     <TaxRefundedAmount>0</TaxRefundedAmount>
     <TaxExemptSalesAmount>0</TaxExemptSalesAmount>
     <TaxExemptSalesRefundedAmount>0</TaxExemptSalesRefundedAmount>
     <TaxForgivenSalesAmount>0</TaxForgivenSalesAmount>
     <TaxForgivenSalesRefundedAmount>0</TaxForgivenSalesRefundedAmount>
     <TaxForgivenAmount>0</TaxForgivenAmount>
    </TransactionTax>
   </TransactionLine>
   <TransactionLine status="normal">
   <TenderInfo>
    <Tender>
     <TenderCode>outsideDebit</TenderCode>
     <TenderSubCode>generic</TenderSubCode>
    </Tender>
    <TenderAmount>20.28</TenderAmount>
    <ChangeFlag value="no"/>
    <Authorization>
     <PreAuthorizationFlag/>
     <RequestedAmount/>
     <AuthorizationResponseCode>982531</AuthorizationResponseCode>
     <AuthorizationResponseDescription/>
     <ApprovalReferenceCode>035607</ApprovalReferenceCode>
     <ReferenceNumber/>
     <ProviderID>Debit</ProviderID>
     <AuthorizationDate>2019-04-21</AuthorizationDate>
     <AuthorizationTime>21:33:37</AuthorizationTime>
     <HostAuthorizedFlag/>
     <AuthorizationApprovalDescription/>
     <AuthorizingTerminalID/>
     <ForceOnLineFlag/>
     <ElectronicSignature/>
     <AuthorizedChargeAmount>20.28</AuthorizedChargeAmount>
    </Authorization>
    <AccountInfo>
     <AccountID>XXXXXXXXXXXX7738</AccountID>
     <AccountName>Debit</AccountName>
     <AccountFirstName/>
     <AccountMiddleName/>
     <AccountLastName/>
    </AccountInfo>
   </TenderInfo>
  </TransactionLine>
 </TransactionDetailGroup>
 <TransactionSummary>
  <TransactionTotalGrossAmount>20.28</TransactionTotalGrossAmount>
  <TransactionTotalNetAmount>20.28</TransactionTotalNetAmount>
  <TransactionTotalTaxSalesAmount>0</TransactionTotalTaxSalesAmount>
  <TransactionTotalTaxExemptAmount>0</TransactionTotalTaxExemptAmount>
  <TransactionTotalTaxNetAmount>0</TransactionTotalTaxNetAmount>
  <TransactionTotalGrandAmount direction="Collected">20.28</TransactionTotalGrandAmount>
 </TransactionSummary>
</SaleEvent>
</JournalReport>
</NAXML-POSJournal>

