{
  "capabilities": [
    {
      "browserName": "Safari",
      "version": "11.2",
      "maxInstances": 1,
      "platform": "MAC",
	  "deviceName": "iPhone8"
    }
  ],
  "configuration": {
	"cleanUpCycle": "2000",
	"timeout": "30000",
	"proxy": "org.openqa.grid.selenium.proxy.DefaultRemoteProxy",
	"url": "http://192.168.20.41:4724/wd/hub",
	"host": "192.168.20.41",
    "port": "4724",
    "registerCycle": "5000",
    "register": true,
	"maxSession": "1",
	"hubHost": "192.168.20.41",
    "hubPort": "4444",
  }
}